{"cameraMode":{"drawMode":0,"name":"Shaded","section":"Shading Mode"},"sceneLighting":true,"audioPlay":false,"sceneViewState":{"showFog":false,"showMaterialUpdate":false,"showSkybox":true,"showFlares":false,"showImageEffects":false,"showParticleSystems":false},"in2DMode":false,"pivot":{"x":25.314361572265626,"y":-65.9698486328125,"z":142.72830200195313},"rotation":{"x":-0.3208470344543457,"y":0.06018056347966194,"z":-0.02043231762945652,"w":-0.9449968338012695},"size":126.02640533447266,"orthographic":false}