{"cameraMode":{"drawMode":0,"name":"Shaded","section":"Shading Mode"},"sceneLighting":true,"audioPlay":false,"sceneViewState":{"showFog":false,"showMaterialUpdate":false,"showSkybox":true,"showFlares":false,"showImageEffects":false,"showParticleSystems":false},"in2DMode":false,"pivot":{"x":16.036914825439454,"y":-86.43677520751953,"z":125.70158386230469},"rotation":{"x":-0.3208470344543457,"y":0.06018056347966194,"z":-0.02043231762945652,"w":-0.9449968338012695},"size":92.73509216308594,"orthographic":false}