{"cameraMode":{"drawMode":0,"name":"Shaded","section":"Shading Mode"},"sceneLighting":true,"audioPlay":false,"sceneViewState":{"showFog":false,"showMaterialUpdate":false,"showSkybox":true,"showFlares":false,"showImageEffects":false,"showParticleSystems":false},"in2DMode":false,"pivot":{"x":9.190616607666016,"y":-74.61339569091797,"z":133.9746551513672},"rotation":{"x":-0.3208470344543457,"y":0.06018056347966194,"z":-0.02043231762945652,"w":-0.9449968338012695},"size":89.46257781982422,"orthographic":false}