{"cameraMode":{"drawMode":0,"name":"Shaded","section":"Shading Mode"},"sceneLighting":true,"audioPlay":false,"sceneViewState":{"showFog":false,"showMaterialUpdate":false,"showSkybox":true,"showFlares":false,"showImageEffects":false,"showParticleSystems":false},"in2DMode":false,"pivot":{"x":6.429994583129883,"y":4.458239555358887,"z":25.571138381958009},"rotation":{"x":-0.013809099793434143,"y":-0.0039018376264721157,"z":0.000054008800361771137,"w":-0.9998972415924072},"size":21.535375595092775,"orthographic":false}