{"cameraMode":{"drawMode":0,"name":"Shaded","section":"Shading Mode"},"sceneLighting":true,"audioPlay":false,"sceneViewState":{"showFog":false,"showMaterialUpdate":false,"showSkybox":true,"showFlares":false,"showImageEffects":false,"showParticleSystems":false},"in2DMode":false,"pivot":{"x":4.000126361846924,"y":3.662931203842163,"z":-3.534830093383789},"rotation":{"x":-0.11115097999572754,"y":0.8852483630180359,"z":-0.27413976192474368,"w":-0.35892730951309206},"size":8.216700553894043,"orthographic":false}