{"cameraMode":{"drawMode":0,"name":"Shaded","section":"Shading Mode"},"sceneLighting":false,"audioPlay":false,"sceneViewState":{"showFog":false,"showMaterialUpdate":false,"showSkybox":false,"showFlares":false,"showImageEffects":false,"showParticleSystems":false},"in2DMode":false,"pivot":{"x":-0.06987419724464417,"y":1.142931342124939,"z":-0.474830687046051},"rotation":{"x":-0.11115097999572754,"y":0.8852483630180359,"z":-0.27413976192474368,"w":-0.35892730951309206},"size":1.3717947006225587,"orthographic":false}