{"cameraMode":{"drawMode":0,"name":"Shaded","section":"Shading Mode"},"sceneLighting":true,"audioPlay":false,"sceneViewState":{"showFog":false,"showMaterialUpdate":false,"showSkybox":true,"showFlares":false,"showImageEffects":false,"showParticleSystems":false},"in2DMode":false,"pivot":{"x":-2.003026008605957,"y":-1.354156494140625,"z":2.9094200134277345},"rotation":{"x":-0.11115097999572754,"y":0.8852483630180359,"z":-0.27413976192474368,"w":-0.35892730951309206},"size":33.6409912109375,"orthographic":false}